season,round,raceName,driverId,driverName,nationality,points,cumulative_points,isAusGP,isWinner
1985,1,Brazilian Grand Prix,177,Keke Rosberg,Finnish,0.0,0.0,False,False
1985,2,Portuguese Grand Prix,177,Keke Rosberg,Finnish,0.0,0.0,False,False
1985,3,San Marino Grand Prix,177,Keke Rosberg,Finnish,0.0,0.0,False,False
1985,4,Monaco Grand Prix,177,Keke Rosberg,Finnish,0.0,0.0,False,False
1985,5,Canadian Grand Prix,177,Keke Rosberg,Finnish,3.0,3.0,False,False
1985,6,Detroit Grand Prix,177,Keke Rosberg,Finnish,9.0,12.0,False,True
1985,7,French Grand Prix,177,Keke Rosberg,Finnish,6.0,18.0,False,False
1985,8,British Grand Prix,177,Keke Rosberg,Finnish,0.0,18.0,False,False
1985,9,German Grand Prix,177,Keke Rosberg,Finnish,0.0,18.0,False,False
1985,10,Austrian Grand Prix,177,Keke Rosberg,Finnish,0.0,18.0,False,False
1985,11,Dutch Grand Prix,177,Keke Rosberg,Finnish,0.0,18.0,False,False
1985,12,Italian Grand Prix,177,Keke Rosberg,Finnish,0.0,18.0,False,False
1985,13,Belgian Grand Prix,177,Keke Rosberg,Finnish,3.0,21.0,False,False
1985,14,European Grand Prix,177,Keke Rosberg,Finnish,4.0,25.0,False,False
1985,15,South African Grand Prix,177,Keke Rosberg,Finnish,6.0,31.0,False,False
1985,16,Australian Grand Prix,177,Keke Rosberg,Finnish,9.0,40.0,True,True
1986,1,Brazilian Grand Prix,117,Alain Prost,French,0.0,0.0,False,False
1986,2,Spanish Grand Prix,117,Alain Prost,French,4.0,4.0,False,False
1986,3,San Marino Grand Prix,117,Alain Prost,French,9.0,13.0,False,True
1986,4,Monaco Grand Prix,117,Alain Prost,French,9.0,22.0,False,True
1986,5,Belgian Grand Prix,117,Alain Prost,French,1.0,23.0,False,False
1986,6,Canadian Grand Prix,117,Alain Prost,French,6.0,29.0,False,False
1986,7,Detroit Grand Prix,117,Alain Prost,French,4.0,33.0,False,False
1986,8,French Grand Prix,117,Alain Prost,French,6.0,39.0,False,False
1986,9,British Grand Prix,117,Alain Prost,French,4.0,43.0,False,False
1986,10,German Grand Prix,117,Alain Prost,French,1.0,44.0,False,False
1986,11,Hungarian Grand Prix,117,Alain Prost,French,0.0,44.0,False,False
1986,12,Austrian Grand Prix,117,Alain Prost,French,9.0,53.0,False,True
1986,13,Italian Grand Prix,117,Alain Prost,French,0.0,53.0,False,False
1986,14,Portuguese Grand Prix,117,Alain Prost,French,6.0,59.0,False,False
1986,15,Mexican Grand Prix,117,Alain Prost,French,6.0,65.0,False,False
1986,16,Australian Grand Prix,117,Alain Prost,French,9.0,74.0,True,True
1987,1,Brazilian Grand Prix,77,Gerhard Berger,Austrian,3.0,3.0,False,False
1987,2,San Marino Grand Prix,77,Gerhard Berger,Austrian,0.0,3.0,False,False
1987,3,Belgian Grand Prix,77,Gerhard Berger,Austrian,0.0,3.0,False,False
1987,4,Monaco Grand Prix,77,Gerhard Berger,Austrian,3.0,6.0,False,False
1987,5,Detroit Grand Prix,77,Gerhard Berger,Austrian,3.0,9.0,False,False
1987,6,French Grand Prix,77,Gerhard Berger,Austrian,0.0,9.0,False,False
1987,7,British Grand Prix,77,Gerhard Berger,Austrian,0.0,9.0,False,False
1987,8,German Grand Prix,77,Gerhard Berger,Austrian,0.0,9.0,False,False
1987,9,Hungarian Grand Prix,77,Gerhard Berger,Austrian,0.0,9.0,False,False
1987,10,Austrian Grand Prix,77,Gerhard Berger,Austrian,0.0,9.0,False,False
1987,11,Italian Grand Prix,77,Gerhard Berger,Austrian,3.0,12.0,False,False
1987,12,Portuguese Grand Prix,77,Gerhard Berger,Austrian,6.0,18.0,False,False
1987,13,Spanish Grand Prix,77,Gerhard Berger,Austrian,0.0,18.0,False,False
1987,14,Mexican Grand Prix,77,Gerhard Berger,Austrian,0.0,18.0,False,False
1987,15,Japanese Grand Prix,77,Gerhard Berger,Austrian,9.0,27.0,False,True
1987,16,Australian Grand Prix,77,Gerhard Berger,Austrian,9.0,36.0,True,True
1988,1,Brazilian Grand Prix,117,Alain Prost,French,9.0,9.0,False,True
1988,2,San Marino Grand Prix,117,Alain Prost,French,6.0,15.0,False,False
1988,3,Monaco Grand Prix,117,Alain Prost,French,9.0,24.0,False,True
1988,4,Mexican Grand Prix,117,Alain Prost,French,9.0,33.0,False,True
1988,5,Canadian Grand Prix,117,Alain Prost,French,6.0,39.0,False,False
1988,6,Detroit Grand Prix,117,Alain Prost,French,6.0,45.0,False,False
1988,7,French Grand Prix,117,Alain Prost,French,9.0,54.0,False,True
1988,8,British Grand Prix,117,Alain Prost,French,0.0,54.0,False,False
1988,9,German Grand Prix,117,Alain Prost,French,6.0,60.0,False,False
1988,10,Hungarian Grand Prix,117,Alain Prost,French,6.0,66.0,False,False
1988,11,Belgian Grand Prix,117,Alain Prost,French,6.0,72.0,False,False
1988,12,Italian Grand Prix,117,Alain Prost,French,0.0,72.0,False,False
1988,13,Portuguese Grand Prix,117,Alain Prost,French,9.0,81.0,False,True
1988,14,Spanish Grand Prix,117,Alain Prost,French,9.0,90.0,False,True
1988,15,Japanese Grand Prix,117,Alain Prost,French,6.0,96.0,False,False
1988,16,Australian Grand Prix,117,Alain Prost,French,9.0,105.0,True,True
1989,1,Brazilian Grand Prix,123,Thierry Boutsen,Belgian,0.0,0.0,False,False
1989,2,San Marino Grand Prix,123,Thierry Boutsen,Belgian,3.0,3.0,False,False
1989,3,Monaco Grand Prix,123,Thierry Boutsen,Belgian,0.0,3.0,False,False
1989,4,Mexican Grand Prix,123,Thierry Boutsen,Belgian,0.0,3.0,False,False
1989,5,United States Grand Prix,123,Thierry Boutsen,Belgian,1.0,4.0,False,False
1989,6,Canadian Grand Prix,123,Thierry Boutsen,Belgian,9.0,13.0,False,True
1989,7,French Grand Prix,123,Thierry Boutsen,Belgian,0.0,13.0,False,False
1989,8,British Grand Prix,123,Thierry Boutsen,Belgian,0.0,13.0,False,False
1989,9,German Grand Prix,123,Thierry Boutsen,Belgian,0.0,13.0,False,False
1989,10,Hungarian Grand Prix,123,Thierry Boutsen,Belgian,4.0,17.0,False,False
1989,11,Belgian Grand Prix,123,Thierry Boutsen,Belgian,3.0,20.0,False,False
1989,12,Italian Grand Prix,123,Thierry Boutsen,Belgian,4.0,24.0,False,False
1989,13,Portuguese Grand Prix,123,Thierry Boutsen,Belgian,0.0,24.0,False,False
1989,14,Spanish Grand Prix,123,Thierry Boutsen,Belgian,0.0,24.0,False,False
1989,15,Japanese Grand Prix,123,Thierry Boutsen,Belgian,4.0,28.0,False,False
1989,16,Australian Grand Prix,123,Thierry Boutsen,Belgian,9.0,37.0,True,True
1990,1,United States Grand Prix,137,Nelson Piquet,Brazilian,3.0,3.0,False,False
1990,2,Brazilian Grand Prix,137,Nelson Piquet,Brazilian,1.0,4.0,False,False
1990,3,San Marino Grand Prix,137,Nelson Piquet,Brazilian,2.0,6.0,False,False
1990,4,Monaco Grand Prix,137,Nelson Piquet,Brazilian,0.0,6.0,False,False
1990,5,Canadian Grand Prix,137,Nelson Piquet,Brazilian,6.0,12.0,False,False
1990,6,Mexican Grand Prix,137,Nelson Piquet,Brazilian,1.0,13.0,False,False
1990,7,French Grand Prix,137,Nelson Piquet,Brazilian,3.0,16.0,False,False
1990,8,British Grand Prix,137,Nelson Piquet,Brazilian,2.0,18.0,False,False
1990,9,German Grand Prix,137,Nelson Piquet,Brazilian,0.0,18.0,False,False
1990,10,Hungarian Grand Prix,137,Nelson Piquet,Brazilian,4.0,22.0,False,False
1990,11,Belgian Grand Prix,137,Nelson Piquet,Brazilian,2.0,24.0,False,False
1990,12,Italian Grand Prix,137,Nelson Piquet,Brazilian,0.0,24.0,False,False
1990,13,Portuguese Grand Prix,137,Nelson Piquet,Brazilian,2.0,26.0,False,False
1990,14,Spanish Grand Prix,137,Nelson Piquet,Brazilian,0.0,26.0,False,False
1990,15,Japanese Grand Prix,137,Nelson Piquet,Brazilian,9.0,35.0,False,True
1990,16,Australian Grand Prix,137,Nelson Piquet,Brazilian,9.0,44.0,True,True
1991,1,United States Grand Prix,102,Ayrton Senna,Brazilian,10.0,10.0,False,True
1991,2,Brazilian Grand Prix,102,Ayrton Senna,Brazilian,10.0,20.0,False,True
1991,3,San Marino Grand Prix,102,Ayrton Senna,Brazilian,10.0,30.0,False,True
1991,4,Monaco Grand Prix,102,Ayrton Senna,Brazilian,10.0,40.0,False,True
1991,5,Canadian Grand Prix,102,Ayrton Senna,Brazilian,0.0,40.0,False,False
1991,6,Mexican Grand Prix,102,Ayrton Senna,Brazilian,4.0,44.0,False,False
1991,7,French Grand Prix,102,Ayrton Senna,Brazilian,4.0,48.0,False,False
1991,8,British Grand Prix,102,Ayrton Senna,Brazilian,3.0,51.0,False,False
1991,9,German Grand Prix,102,Ayrton Senna,Brazilian,0.0,51.0,False,False
1991,10,Hungarian Grand Prix,102,Ayrton Senna,Brazilian,10.0,61.0,False,True
1991,11,Belgian Grand Prix,102,Ayrton Senna,Brazilian,10.0,71.0,False,True
1991,12,Italian Grand Prix,102,Ayrton Senna,Brazilian,6.0,77.0,False,False
1991,13,Portuguese Grand Prix,102,Ayrton Senna,Brazilian,6.0,83.0,False,False
1991,14,Spanish Grand Prix,102,Ayrton Senna,Brazilian,2.0,85.0,False,False
1991,15,Japanese Grand Prix,102,Ayrton Senna,Brazilian,6.0,91.0,False,False
1991,16,Australian Grand Prix,102,Ayrton Senna,Brazilian,5.0,96.0,True,True
1992,1,South African Grand Prix,77,Gerhard Berger,Austrian,2.0,2.0,False,False
1992,2,Mexican Grand Prix,77,Gerhard Berger,Austrian,3.0,5.0,False,False
1992,3,Brazilian Grand Prix,77,Gerhard Berger,Austrian,0.0,5.0,False,False
1992,4,Spanish Grand Prix,77,Gerhard Berger,Austrian,3.0,8.0,False,False
1992,5,San Marino Grand Prix,77,Gerhard Berger,Austrian,0.0,8.0,False,False
1992,6,Monaco Grand Prix,77,Gerhard Berger,Austrian,0.0,8.0,False,False
1992,7,Canadian Grand Prix,77,Gerhard Berger,Austrian,10.0,18.0,False,True
1992,8,French Grand Prix,77,Gerhard Berger,Austrian,0.0,18.0,False,False
1992,9,British Grand Prix,77,Gerhard Berger,Austrian,2.0,20.0,False,False
1992,10,German Grand Prix,77,Gerhard Berger,Austrian,0.0,20.0,False,False
1992,11,Hungarian Grand Prix,77,Gerhard Berger,Austrian,4.0,24.0,False,False
1992,12,Belgian Grand Prix,77,Gerhard Berger,Austrian,0.0,24.0,False,False
1992,13,Italian Grand Prix,77,Gerhard Berger,Austrian,3.0,27.0,False,False
1992,14,Portuguese Grand Prix,77,Gerhard Berger,Austrian,6.0,33.0,False,False
1992,15,Japanese Grand Prix,77,Gerhard Berger,Austrian,6.0,39.0,False,False
1992,16,Australian Grand Prix,77,Gerhard Berger,Austrian,10.0,49.0,True,True
1993,1,South African Grand Prix,102,Ayrton Senna,Brazilian,6.0,6.0,False,False
1993,2,Brazilian Grand Prix,102,Ayrton Senna,Brazilian,10.0,16.0,False,True
1993,3,European Grand Prix,102,Ayrton Senna,Brazilian,10.0,26.0,False,True
1993,4,San Marino Grand Prix,102,Ayrton Senna,Brazilian,0.0,26.0,False,False
1993,5,Spanish Grand Prix,102,Ayrton Senna,Brazilian,6.0,32.0,False,False
1993,6,Monaco Grand Prix,102,Ayrton Senna,Brazilian,10.0,42.0,False,True
1993,7,Canadian Grand Prix,102,Ayrton Senna,Brazilian,0.0,42.0,False,False
1993,8,French Grand Prix,102,Ayrton Senna,Brazilian,3.0,45.0,False,False
1993,9,British Grand Prix,102,Ayrton Senna,Brazilian,2.0,47.0,False,False
1993,10,German Grand Prix,102,Ayrton Senna,Brazilian,3.0,50.0,False,False
1993,11,Hungarian Grand Prix,102,Ayrton Senna,Brazilian,0.0,50.0,False,False
1993,12,Belgian Grand Prix,102,Ayrton Senna,Brazilian,3.0,53.0,False,False
1993,13,Italian Grand Prix,102,Ayrton Senna,Brazilian,0.0,53.0,False,False
1993,14,Portuguese Grand Prix,102,Ayrton Senna,Brazilian,0.0,53.0,False,False
1993,15,Japanese Grand Prix,102,Ayrton Senna,Brazilian,10.0,63.0,False,True
1993,16,Australian Grand Prix,102,Ayrton Senna,Brazilian,10.0,73.0,True,True
1994,7,French Grand Prix,95,Nigel Mansell,British,0.0,0.0,False,False
1994,14,European Grand Prix,95,Nigel Mansell,British,0.0,0.0,False,False
1994,15,Japanese Grand Prix,95,Nigel Mansell,British,3.0,3.0,False,False
1994,16,Australian Grand Prix,95,Nigel Mansell,British,10.0,13.0,True,True
1995,1,Brazilian Grand Prix,71,Damon Hill,British,0.0,0.0,False,False
1995,2,Argentine Grand Prix,71,Damon Hill,British,10.0,10.0,False,True
1995,3,San Marino Grand Prix,71,Damon Hill,British,10.0,20.0,False,True
1995,4,Spanish Grand Prix,71,Damon Hill,British,3.0,23.0,False,False
1995,5,Monaco Grand Prix,71,Damon Hill,British,6.0,29.0,False,False
1995,6,Canadian Grand Prix,71,Damon Hill,British,0.0,29.0,False,False
1995,7,French Grand Prix,71,Damon Hill,British,6.0,35.0,False,False
1995,8,British Grand Prix,71,Damon Hill,British,0.0,35.0,False,False
1995,9,German Grand Prix,71,Damon Hill,British,0.0,35.0,False,False
1995,10,Hungarian Grand Prix,71,Damon Hill,British,10.0,45.0,False,True
1995,11,Belgian Grand Prix,71,Damon Hill,British,6.0,51.0,False,False
1995,12,Italian Grand Prix,71,Damon Hill,British,0.0,51.0,False,False
1995,13,Portuguese Grand Prix,71,Damon Hill,British,4.0,55.0,False,False
1995,14,European Grand Prix,71,Damon Hill,British,0.0,55.0,False,False
1995,15,Pacific Grand Prix,71,Damon Hill,British,4.0,59.0,False,False
1995,16,Japanese Grand Prix,71,Damon Hill,British,0.0,59.0,False,False
1995,17,Australian Grand Prix,71,Damon Hill,British,10.0,69.0,True,True
1996,1,Australian Grand Prix,71,Damon Hill,British,10.0,10.0,True,True
1996,2,Brazilian Grand Prix,71,Damon Hill,British,10.0,20.0,False,True
1996,3,Argentine Grand Prix,71,Damon Hill,British,10.0,30.0,False,True
1996,4,European Grand Prix,71,Damon Hill,British,3.0,33.0,False,False
1996,5,San Marino Grand Prix,71,Damon Hill,British,10.0,43.0,False,True
1996,6,Monaco Grand Prix,71,Damon Hill,British,0.0,43.0,False,False
1996,7,Spanish Grand Prix,71,Damon Hill,British,0.0,43.0,False,False
1996,8,Canadian Grand Prix,71,Damon Hill,British,10.0,53.0,False,True
1996,9,French Grand Prix,71,Damon Hill,British,10.0,63.0,False,True
1996,10,British Grand Prix,71,Damon Hill,British,0.0,63.0,False,False
1996,11,German Grand Prix,71,Damon Hill,British,10.0,73.0,False,True
1996,12,Hungarian Grand Prix,71,Damon Hill,British,6.0,79.0,False,False
1996,13,Belgian Grand Prix,71,Damon Hill,British,2.0,81.0,False,False
1996,14,Italian Grand Prix,71,Damon Hill,British,0.0,81.0,False,False
1996,15,Portuguese Grand Prix,71,Damon Hill,British,6.0,87.0,False,False
1996,16,Japanese Grand Prix,71,Damon Hill,British,10.0,97.0,False,True
1997,1,Australian Grand Prix,14,David Coulthard,British,10.0,10.0,True,True
1997,2,Brazilian Grand Prix,14,David Coulthard,British,0.0,10.0,False,False
1997,3,Argentine Grand Prix,14,David Coulthard,British,0.0,10.0,False,False
1997,4,San Marino Grand Prix,14,David Coulthard,British,0.0,10.0,False,False
1997,5,Monaco Grand Prix,14,David Coulthard,British,0.0,10.0,False,False
1997,6,Spanish Grand Prix,14,David Coulthard,British,1.0,11.0,False,False
1997,7,Canadian Grand Prix,14,David Coulthard,British,0.0,11.0,False,False
1997,8,French Grand Prix,14,David Coulthard,British,0.0,11.0,False,False
1997,9,British Grand Prix,14,David Coulthard,British,3.0,14.0,False,False
1997,10,German Grand Prix,14,David Coulthard,British,0.0,14.0,False,False
1997,11,Hungarian Grand Prix,14,David Coulthard,British,0.0,14.0,False,False
1997,12,Belgian Grand Prix,14,David Coulthard,British,0.0,14.0,False,False
1997,13,Italian Grand Prix,14,David Coulthard,British,10.0,24.0,False,True
1997,14,Austrian Grand Prix,14,David Coulthard,British,6.0,30.0,False,False
1997,15,Luxembourg Grand Prix,14,David Coulthard,British,0.0,30.0,False,False
1997,16,Japanese Grand Prix,14,David Coulthard,British,0.0,30.0,False,False
1997,17,European Grand Prix,14,David Coulthard,British,6.0,36.0,False,False
1998,1,Australian Grand Prix,57,Mika Häkkinen,Finnish,10.0,10.0,True,True
1998,2,Brazilian Grand Prix,57,Mika Häkkinen,Finnish,10.0,20.0,False,True
1998,3,Argentine Grand Prix,57,Mika Häkkinen,Finnish,6.0,26.0,False,False
1998,4,San Marino Grand Prix,57,Mika Häkkinen,Finnish,0.0,26.0,False,False
1998,5,Spanish Grand Prix,57,Mika Häkkinen,Finnish,10.0,36.0,False,True
1998,6,Monaco Grand Prix,57,Mika Häkkinen,Finnish,10.0,46.0,False,True
1998,7,Canadian Grand Prix,57,Mika Häkkinen,Finnish,0.0,46.0,False,False
1998,8,French Grand Prix,57,Mika Häkkinen,Finnish,4.0,50.0,False,False
1998,9,British Grand Prix,57,Mika Häkkinen,Finnish,6.0,56.0,False,False
1998,10,Austrian Grand Prix,57,Mika Häkkinen,Finnish,10.0,66.0,False,True
1998,11,German Grand Prix,57,Mika Häkkinen,Finnish,10.0,76.0,False,True
1998,12,Hungarian Grand Prix,57,Mika Häkkinen,Finnish,1.0,77.0,False,False
1998,13,Belgian Grand Prix,57,Mika Häkkinen,Finnish,0.0,77.0,False,False
1998,14,Italian Grand Prix,57,Mika Häkkinen,Finnish,3.0,80.0,False,False
1998,15,Luxembourg Grand Prix,57,Mika Häkkinen,Finnish,10.0,90.0,False,True
1998,16,Japanese Grand Prix,57,Mika Häkkinen,Finnish,10.0,100.0,False,True
1999,1,Australian Grand Prix,56,Eddie Irvine,British,10.0,10.0,True,True
1999,2,Brazilian Grand Prix,56,Eddie Irvine,British,2.0,12.0,False,False
1999,3,San Marino Grand Prix,56,Eddie Irvine,British,0.0,12.0,False,False
1999,4,Monaco Grand Prix,56,Eddie Irvine,British,6.0,18.0,False,False
1999,5,Spanish Grand Prix,56,Eddie Irvine,British,3.0,21.0,False,False
1999,6,Canadian Grand Prix,56,Eddie Irvine,British,4.0,25.0,False,False
1999,7,French Grand Prix,56,Eddie Irvine,British,1.0,26.0,False,False
1999,8,British Grand Prix,56,Eddie Irvine,British,6.0,32.0,False,False
1999,9,Austrian Grand Prix,56,Eddie Irvine,British,10.0,42.0,False,True
1999,10,German Grand Prix,56,Eddie Irvine,British,10.0,52.0,False,True
1999,11,Hungarian Grand Prix,56,Eddie Irvine,British,4.0,56.0,False,False
1999,12,Belgian Grand Prix,56,Eddie Irvine,British,3.0,59.0,False,False
1999,13,Italian Grand Prix,56,Eddie Irvine,British,1.0,60.0,False,False
1999,14,European Grand Prix,56,Eddie Irvine,British,0.0,60.0,False,False
1999,15,Malaysian Grand Prix,56,Eddie Irvine,British,10.0,70.0,False,True
1999,16,Japanese Grand Prix,56,Eddie Irvine,British,4.0,74.0,False,False
2000,1,Australian Grand Prix,30,Michael Schumacher,German,10.0,10.0,True,True
2000,2,Brazilian Grand Prix,30,Michael Schumacher,German,10.0,20.0,False,True
2000,3,San Marino Grand Prix,30,Michael Schumacher,German,10.0,30.0,False,True
2000,4,British Grand Prix,30,Michael Schumacher,German,4.0,34.0,False,False
2000,5,Spanish Grand Prix,30,Michael Schumacher,German,2.0,36.0,False,False
2000,6,European Grand Prix,30,Michael Schumacher,German,10.0,46.0,False,True
2000,7,Monaco Grand Prix,30,Michael Schumacher,German,0.0,46.0,False,False
2000,8,Canadian Grand Prix,30,Michael Schumacher,German,10.0,56.0,False,True
2000,9,French Grand Prix,30,Michael Schumacher,German,0.0,56.0,False,False
2000,10,Austrian Grand Prix,30,Michael Schumacher,German,0.0,56.0,False,False
2000,11,German Grand Prix,30,Michael Schumacher,German,0.0,56.0,False,False
2000,12,Hungarian Grand Prix,30,Michael Schumacher,German,6.0,62.0,False,False
2000,13,Belgian Grand Prix,30,Michael Schumacher,German,6.0,68.0,False,False
2000,14,Italian Grand Prix,30,Michael Schumacher,German,10.0,78.0,False,True
2000,15,United States Grand Prix,30,Michael Schumacher,German,10.0,88.0,False,True
2000,16,Japanese Grand Prix,30,Michael Schumacher,German,10.0,98.0,False,True
2000,17,Malaysian Grand Prix,30,Michael Schumacher,German,10.0,108.0,False,True
2001,1,Australian Grand Prix,30,Michael Schumacher,German,10.0,10.0,True,True
2001,2,Malaysian Grand Prix,30,Michael Schumacher,German,10.0,20.0,False,True
2001,3,Brazilian Grand Prix,30,Michael Schumacher,German,6.0,26.0,False,False
2001,4,San Marino Grand Prix,30,Michael Schumacher,German,0.0,26.0,False,False
2001,5,Spanish Grand Prix,30,Michael Schumacher,German,10.0,36.0,False,True
2001,6,Austrian Grand Prix,30,Michael Schumacher,German,6.0,42.0,False,False
2001,7,Monaco Grand Prix,30,Michael Schumacher,German,10.0,52.0,False,True
2001,8,Canadian Grand Prix,30,Michael Schumacher,German,6.0,58.0,False,False
2001,9,European Grand Prix,30,Michael Schumacher,German,10.0,68.0,False,True
2001,10,French Grand Prix,30,Michael Schumacher,German,10.0,78.0,False,True
2001,11,British Grand Prix,30,Michael Schumacher,German,6.0,84.0,False,False
2001,12,German Grand Prix,30,Michael Schumacher,German,0.0,84.0,False,False
2001,13,Hungarian Grand Prix,30,Michael Schumacher,German,10.0,94.0,False,True
2001,14,Belgian Grand Prix,30,Michael Schumacher,German,10.0,104.0,False,True
2001,15,Italian Grand Prix,30,Michael Schumacher,German,3.0,107.0,False,False
2001,16,United States Grand Prix,30,Michael Schumacher,German,6.0,113.0,False,False
2001,17,Japanese Grand Prix,30,Michael Schumacher,German,10.0,123.0,False,True
2002,1,Australian Grand Prix,30,Michael Schumacher,German,10.0,10.0,True,True
2002,2,Malaysian Grand Prix,30,Michael Schumacher,German,4.0,14.0,False,False
2002,3,Brazilian Grand Prix,30,Michael Schumacher,German,10.0,24.0,False,True
2002,4,San Marino Grand Prix,30,Michael Schumacher,German,10.0,34.0,False,True
2002,5,Spanish Grand Prix,30,Michael Schumacher,German,10.0,44.0,False,True
2002,6,Austrian Grand Prix,30,Michael Schumacher,German,10.0,54.0,False,True
2002,7,Monaco Grand Prix,30,Michael Schumacher,German,6.0,60.0,False,False
2002,8,Canadian Grand Prix,30,Michael Schumacher,German,10.0,70.0,False,True
2002,9,European Grand Prix,30,Michael Schumacher,German,6.0,76.0,False,False
2002,10,British Grand Prix,30,Michael Schumacher,German,10.0,86.0,False,True
2002,11,French Grand Prix,30,Michael Schumacher,German,10.0,96.0,False,True
2002,12,German Grand Prix,30,Michael Schumacher,German,10.0,106.0,False,True
2002,13,Hungarian Grand Prix,30,Michael Schumacher,German,6.0,112.0,False,False
2002,14,Belgian Grand Prix,30,Michael Schumacher,German,10.0,122.0,False,True
2002,15,Italian Grand Prix,30,Michael Schumacher,German,6.0,128.0,False,False
2002,16,United States Grand Prix,30,Michael Schumacher,German,6.0,134.0,False,False
2002,17,Japanese Grand Prix,30,Michael Schumacher,German,10.0,144.0,False,True
2003,1,Australian Grand Prix,14,David Coulthard,British,10.0,10.0,True,True
2003,2,Malaysian Grand Prix,14,David Coulthard,British,0.0,10.0,False,False
2003,3,Brazilian Grand Prix,14,David Coulthard,British,5.0,15.0,False,False
2003,4,San Marino Grand Prix,14,David Coulthard,British,4.0,19.0,False,False
2003,5,Spanish Grand Prix,14,David Coulthard,British,0.0,19.0,False,False
2003,6,Austrian Grand Prix,14,David Coulthard,British,4.0,23.0,False,False
2003,7,Monaco Grand Prix,14,David Coulthard,British,2.0,25.0,False,False
2003,8,Canadian Grand Prix,14,David Coulthard,British,0.0,25.0,False,False
2003,9,European Grand Prix,14,David Coulthard,British,0.0,25.0,False,False
2003,10,French Grand Prix,14,David Coulthard,British,4.0,29.0,False,False
2003,11,British Grand Prix,14,David Coulthard,British,4.0,33.0,False,False
2003,12,German Grand Prix,14,David Coulthard,British,8.0,41.0,False,False
2003,13,Hungarian Grand Prix,14,David Coulthard,British,4.0,45.0,False,False
2003,14,Italian Grand Prix,14,David Coulthard,British,0.0,45.0,False,False
2003,15,United States Grand Prix,14,David Coulthard,British,0.0,45.0,False,False
2003,16,Japanese Grand Prix,14,David Coulthard,British,6.0,51.0,False,False
2004,1,Australian Grand Prix,30,Michael Schumacher,German,10.0,10.0,True,True
2004,2,Malaysian Grand Prix,30,Michael Schumacher,German,10.0,20.0,False,True
2004,3,Bahrain Grand Prix,30,Michael Schumacher,German,10.0,30.0,False,True
2004,4,San Marino Grand Prix,30,Michael Schumacher,German,10.0,40.0,False,True
2004,5,Spanish Grand Prix,30,Michael Schumacher,German,10.0,50.0,False,True
2004,6,Monaco Grand Prix,30,Michael Schumacher,German,0.0,50.0,False,False
2004,7,European Grand Prix,30,Michael Schumacher,German,10.0,60.0,False,True
2004,8,Canadian Grand Prix,30,Michael Schumacher,German,10.0,70.0,False,True
2004,9,United States Grand Prix,30,Michael Schumacher,German,10.0,80.0,False,True
2004,10,French Grand Prix,30,Michael Schumacher,German,10.0,90.0,False,True
2004,11,British Grand Prix,30,Michael Schumacher,German,10.0,100.0,False,True
2004,12,German Grand Prix,30,Michael Schumacher,German,10.0,110.0,False,True
2004,13,Hungarian Grand Prix,30,Michael Schumacher,German,10.0,120.0,False,True
2004,14,Belgian Grand Prix,30,Michael Schumacher,German,8.0,128.0,False,False
2004,15,Italian Grand Prix,30,Michael Schumacher,German,8.0,136.0,False,False
2004,16,Chinese Grand Prix,30,Michael Schumacher,German,0.0,136.0,False,False
2004,17,Japanese Grand Prix,30,Michael Schumacher,German,10.0,146.0,False,True
2004,18,Brazilian Grand Prix,30,Michael Schumacher,German,2.0,148.0,False,False
2005,1,Australian Grand Prix,21,Giancarlo Fisichella,Italian,10.0,10.0,True,True
2005,2,Malaysian Grand Prix,21,Giancarlo Fisichella,Italian,0.0,10.0,False,False
2005,3,Bahrain Grand Prix,21,Giancarlo Fisichella,Italian,0.0,10.0,False,False
2005,4,San Marino Grand Prix,21,Giancarlo Fisichella,Italian,0.0,10.0,False,False
2005,5,Spanish Grand Prix,21,Giancarlo Fisichella,Italian,4.0,14.0,False,False
2005,6,Monaco Grand Prix,21,Giancarlo Fisichella,Italian,0.0,14.0,False,False
2005,7,European Grand Prix,21,Giancarlo Fisichella,Italian,3.0,17.0,False,False
2005,8,Canadian Grand Prix,21,Giancarlo Fisichella,Italian,0.0,17.0,False,False
2005,9,United States Grand Prix,21,Giancarlo Fisichella,Italian,0.0,17.0,False,False
2005,10,French Grand Prix,21,Giancarlo Fisichella,Italian,3.0,20.0,False,False
2005,11,British Grand Prix,21,Giancarlo Fisichella,Italian,5.0,25.0,False,False
2005,12,German Grand Prix,21,Giancarlo Fisichella,Italian,5.0,30.0,False,False
2005,13,Hungarian Grand Prix,21,Giancarlo Fisichella,Italian,0.0,30.0,False,False
2005,14,Turkish Grand Prix,21,Giancarlo Fisichella,Italian,5.0,35.0,False,False
2005,15,Italian Grand Prix,21,Giancarlo Fisichella,Italian,6.0,41.0,False,False
2005,16,Belgian Grand Prix,21,Giancarlo Fisichella,Italian,0.0,41.0,False,False
2005,17,Brazilian Grand Prix,21,Giancarlo Fisichella,Italian,4.0,45.0,False,False
2005,18,Japanese Grand Prix,21,Giancarlo Fisichella,Italian,8.0,53.0,False,False
2005,19,Chinese Grand Prix,21,Giancarlo Fisichella,Italian,5.0,58.0,False,False
2006,1,Bahrain Grand Prix,4,Fernando Alonso,Spanish,10.0,10.0,False,True
2006,2,Malaysian Grand Prix,4,Fernando Alonso,Spanish,8.0,18.0,False,False
2006,3,Australian Grand Prix,4,Fernando Alonso,Spanish,10.0,28.0,True,True
2006,4,San Marino Grand Prix,4,Fernando Alonso,Spanish,8.0,36.0,False,False
2006,5,European Grand Prix,4,Fernando Alonso,Spanish,8.0,44.0,False,False
2006,6,Spanish Grand Prix,4,Fernando Alonso,Spanish,10.0,54.0,False,True
2006,7,Monaco Grand Prix,4,Fernando Alonso,Spanish,10.0,64.0,False,True
2006,8,British Grand Prix,4,Fernando Alonso,Spanish,10.0,74.0,False,True
2006,9,Canadian Grand Prix,4,Fernando Alonso,Spanish,10.0,84.0,False,True
2006,10,United States Grand Prix,4,Fernando Alonso,Spanish,4.0,88.0,False,False
2006,11,French Grand Prix,4,Fernando Alonso,Spanish,8.0,96.0,False,False
2006,12,German Grand Prix,4,Fernando Alonso,Spanish,4.0,100.0,False,False
2006,13,Hungarian Grand Prix,4,Fernando Alonso,Spanish,0.0,100.0,False,False
2006,14,Turkish Grand Prix,4,Fernando Alonso,Spanish,8.0,108.0,False,False
2006,15,Italian Grand Prix,4,Fernando Alonso,Spanish,0.0,108.0,False,False
2006,16,Chinese Grand Prix,4,Fernando Alonso,Spanish,8.0,116.0,False,False
2006,17,Japanese Grand Prix,4,Fernando Alonso,Spanish,10.0,126.0,False,True
2006,18,Brazilian Grand Prix,4,Fernando Alonso,Spanish,8.0,134.0,False,False
2007,1,Australian Grand Prix,8,Kimi Räikkönen,Finnish,10.0,10.0,True,True
2007,2,Malaysian Grand Prix,8,Kimi Räikkönen,Finnish,6.0,16.0,False,False
2007,3,Bahrain Grand Prix,8,Kimi Räikkönen,Finnish,6.0,22.0,False,False
2007,4,Spanish Grand Prix,8,Kimi Räikkönen,Finnish,0.0,22.0,False,False
2007,5,Monaco Grand Prix,8,Kimi Räikkönen,Finnish,1.0,23.0,False,False
2007,6,Canadian Grand Prix,8,Kimi Räikkönen,Finnish,4.0,27.0,False,False
2007,7,United States Grand Prix,8,Kimi Räikkönen,Finnish,5.0,32.0,False,False
2007,8,French Grand Prix,8,Kimi Räikkönen,Finnish,10.0,42.0,False,True
2007,9,British Grand Prix,8,Kimi Räikkönen,Finnish,10.0,52.0,False,True
2007,10,European Grand Prix,8,Kimi Räikkönen,Finnish,0.0,52.0,False,False
2007,11,Hungarian Grand Prix,8,Kimi Räikkönen,Finnish,8.0,60.0,False,False
2007,12,Turkish Grand Prix,8,Kimi Räikkönen,Finnish,8.0,68.0,False,False
2007,13,Italian Grand Prix,8,Kimi Räikkönen,Finnish,6.0,74.0,False,False
2007,14,Belgian Grand Prix,8,Kimi Räikkönen,Finnish,10.0,84.0,False,True
2007,15,Japanese Grand Prix,8,Kimi Räikkönen,Finnish,6.0,90.0,False,False
2007,16,Chinese Grand Prix,8,Kimi Räikkönen,Finnish,10.0,100.0,False,True
2007,17,Brazilian Grand Prix,8,Kimi Räikkönen,Finnish,10.0,110.0,False,True
2008,1,Australian Grand Prix,1,Lewis Hamilton,British,10.0,10.0,True,True
2008,2,Malaysian Grand Prix,1,Lewis Hamilton,British,4.0,14.0,False,False
2008,3,Bahrain Grand Prix,1,Lewis Hamilton,British,0.0,14.0,False,False
2008,4,Spanish Grand Prix,1,Lewis Hamilton,British,6.0,20.0,False,False
2008,5,Turkish Grand Prix,1,Lewis Hamilton,British,8.0,28.0,False,False
2008,6,Monaco Grand Prix,1,Lewis Hamilton,British,10.0,38.0,False,True
2008,7,Canadian Grand Prix,1,Lewis Hamilton,British,0.0,38.0,False,False
2008,8,French Grand Prix,1,Lewis Hamilton,British,0.0,38.0,False,False
2008,9,British Grand Prix,1,Lewis Hamilton,British,10.0,48.0,False,True
2008,10,German Grand Prix,1,Lewis Hamilton,British,10.0,58.0,False,True
2008,11,Hungarian Grand Prix,1,Lewis Hamilton,British,4.0,62.0,False,False
2008,12,European Grand Prix,1,Lewis Hamilton,British,8.0,70.0,False,False
2008,13,Belgian Grand Prix,1,Lewis Hamilton,British,6.0,76.0,False,False
2008,14,Italian Grand Prix,1,Lewis Hamilton,British,2.0,78.0,False,False
2008,15,Singapore Grand Prix,1,Lewis Hamilton,British,6.0,84.0,False,False
2008,16,Japanese Grand Prix,1,Lewis Hamilton,British,0.0,84.0,False,False
2008,17,Chinese Grand Prix,1,Lewis Hamilton,British,10.0,94.0,False,True
2008,18,Brazilian Grand Prix,1,Lewis Hamilton,British,4.0,98.0,False,False
2009,1,Australian Grand Prix,18,Jenson Button,British,10.0,10.0,True,True
2009,2,Malaysian Grand Prix,18,Jenson Button,British,5.0,15.0,False,True
2009,3,Chinese Grand Prix,18,Jenson Button,British,6.0,21.0,False,False
2009,4,Bahrain Grand Prix,18,Jenson Button,British,10.0,31.0,False,True
2009,5,Spanish Grand Prix,18,Jenson Button,British,10.0,41.0,False,True
2009,6,Monaco Grand Prix,18,Jenson Button,British,10.0,51.0,False,True
2009,7,Turkish Grand Prix,18,Jenson Button,British,10.0,61.0,False,True
2009,8,British Grand Prix,18,Jenson Button,British,3.0,64.0,False,False
2009,9,German Grand Prix,18,Jenson Button,British,4.0,68.0,False,False
2009,10,Hungarian Grand Prix,18,Jenson Button,British,2.0,70.0,False,False
2009,11,European Grand Prix,18,Jenson Button,British,2.0,72.0,False,False
2009,12,Belgian Grand Prix,18,Jenson Button,British,0.0,72.0,False,False
2009,13,Italian Grand Prix,18,Jenson Button,British,8.0,80.0,False,False
2009,14,Singapore Grand Prix,18,Jenson Button,British,4.0,84.0,False,False
2009,15,Japanese Grand Prix,18,Jenson Button,British,1.0,85.0,False,False
2009,16,Brazilian Grand Prix,18,Jenson Button,British,4.0,89.0,False,False
2009,17,Abu Dhabi Grand Prix,18,Jenson Button,British,6.0,95.0,False,False
2010,1,Bahrain Grand Prix,18,Jenson Button,British,6.0,6.0,False,False
2010,2,Australian Grand Prix,18,Jenson Button,British,25.0,31.0,True,True
2010,3,Malaysian Grand Prix,18,Jenson Button,British,4.0,35.0,False,False
2010,4,Chinese Grand Prix,18,Jenson Button,British,25.0,60.0,False,True
2010,5,Spanish Grand Prix,18,Jenson Button,British,10.0,70.0,False,False
2010,6,Monaco Grand Prix,18,Jenson Button,British,0.0,70.0,False,False
2010,7,Turkish Grand Prix,18,Jenson Button,British,18.0,88.0,False,False
2010,8,Canadian Grand Prix,18,Jenson Button,British,18.0,106.0,False,False
2010,9,European Grand Prix,18,Jenson Button,British,15.0,121.0,False,False
2010,10,British Grand Prix,18,Jenson Button,British,12.0,133.0,False,False
2010,11,German Grand Prix,18,Jenson Button,British,10.0,143.0,False,False
2010,12,Hungarian Grand Prix,18,Jenson Button,British,4.0,147.0,False,False
2010,13,Belgian Grand Prix,18,Jenson Button,British,0.0,147.0,False,False
2010,14,Italian Grand Prix,18,Jenson Button,British,18.0,165.0,False,False
2010,15,Singapore Grand Prix,18,Jenson Button,British,12.0,177.0,False,False
2010,16,Japanese Grand Prix,18,Jenson Button,British,12.0,189.0,False,False
2010,17,Korean Grand Prix,18,Jenson Button,British,0.0,189.0,False,False
2010,18,Brazilian Grand Prix,18,Jenson Button,British,10.0,199.0,False,False
2010,19,Abu Dhabi Grand Prix,18,Jenson Button,British,15.0,214.0,False,False
2011,1,Australian Grand Prix,20,Sebastian Vettel,German,25.0,25.0,True,True
2011,2,Malaysian Grand Prix,20,Sebastian Vettel,German,25.0,50.0,False,True
2011,3,Chinese Grand Prix,20,Sebastian Vettel,German,18.0,68.0,False,False
2011,4,Turkish Grand Prix,20,Sebastian Vettel,German,25.0,93.0,False,True
2011,5,Spanish Grand Prix,20,Sebastian Vettel,German,25.0,118.0,False,True
2011,6,Monaco Grand Prix,20,Sebastian Vettel,German,25.0,143.0,False,True
2011,7,Canadian Grand Prix,20,Sebastian Vettel,German,18.0,161.0,False,False
2011,8,European Grand Prix,20,Sebastian Vettel,German,25.0,186.0,False,True
2011,9,British Grand Prix,20,Sebastian Vettel,German,18.0,204.0,False,False
2011,10,German Grand Prix,20,Sebastian Vettel,German,12.0,216.0,False,False
2011,11,Hungarian Grand Prix,20,Sebastian Vettel,German,18.0,234.0,False,False
2011,12,Belgian Grand Prix,20,Sebastian Vettel,German,25.0,259.0,False,True
2011,13,Italian Grand Prix,20,Sebastian Vettel,German,25.0,284.0,False,True
2011,14,Singapore Grand Prix,20,Sebastian Vettel,German,25.0,309.0,False,True
2011,15,Japanese Grand Prix,20,Sebastian Vettel,German,15.0,324.0,False,False
2011,16,Korean Grand Prix,20,Sebastian Vettel,German,25.0,349.0,False,True
2011,17,Indian Grand Prix,20,Sebastian Vettel,German,25.0,374.0,False,True
2011,18,Abu Dhabi Grand Prix,20,Sebastian Vettel,German,0.0,374.0,False,False
2011,19,Brazilian Grand Prix,20,Sebastian Vettel,German,18.0,392.0,False,False
2012,1,Australian Grand Prix,18,Jenson Button,British,25.0,25.0,True,True
2012,2,Malaysian Grand Prix,18,Jenson Button,British,0.0,25.0,False,False
2012,3,Chinese Grand Prix,18,Jenson Button,British,18.0,43.0,False,False
2012,4,Bahrain Grand Prix,18,Jenson Button,British,0.0,43.0,False,False
2012,5,Spanish Grand Prix,18,Jenson Button,British,2.0,45.0,False,False
2012,6,Monaco Grand Prix,18,Jenson Button,British,0.0,45.0,False,False
2012,7,Canadian Grand Prix,18,Jenson Button,British,0.0,45.0,False,False
2012,8,European Grand Prix,18,Jenson Button,British,4.0,49.0,False,False
2012,9,British Grand Prix,18,Jenson Button,British,1.0,50.0,False,False
2012,10,German Grand Prix,18,Jenson Button,British,18.0,68.0,False,False
2012,11,Hungarian Grand Prix,18,Jenson Button,British,8.0,76.0,False,False
2012,12,Belgian Grand Prix,18,Jenson Button,British,25.0,101.0,False,True
2012,13,Italian Grand Prix,18,Jenson Button,British,0.0,101.0,False,False
2012,14,Singapore Grand Prix,18,Jenson Button,British,18.0,119.0,False,False
2012,15,Japanese Grand Prix,18,Jenson Button,British,12.0,131.0,False,False
2012,16,Korean Grand Prix,18,Jenson Button,British,0.0,131.0,False,False
2012,17,Indian Grand Prix,18,Jenson Button,British,10.0,141.0,False,False
2012,18,Abu Dhabi Grand Prix,18,Jenson Button,British,12.0,153.0,False,False
2012,19,United States Grand Prix,18,Jenson Button,British,10.0,163.0,False,False
2012,20,Brazilian Grand Prix,18,Jenson Button,British,25.0,188.0,False,True
2013,1,Australian Grand Prix,8,Kimi Räikkönen,Finnish,25.0,25.0,True,True
2013,2,Malaysian Grand Prix,8,Kimi Räikkönen,Finnish,6.0,31.0,False,False
2013,3,Chinese Grand Prix,8,Kimi Räikkönen,Finnish,18.0,49.0,False,False
2013,4,Bahrain Grand Prix,8,Kimi Räikkönen,Finnish,18.0,67.0,False,False
2013,5,Spanish Grand Prix,8,Kimi Räikkönen,Finnish,18.0,85.0,False,False
2013,6,Monaco Grand Prix,8,Kimi Räikkönen,Finnish,1.0,86.0,False,False
2013,7,Canadian Grand Prix,8,Kimi Räikkönen,Finnish,2.0,88.0,False,False
2013,8,British Grand Prix,8,Kimi Räikkönen,Finnish,10.0,98.0,False,False
2013,9,German Grand Prix,8,Kimi Räikkönen,Finnish,18.0,116.0,False,False
2013,10,Hungarian Grand Prix,8,Kimi Räikkönen,Finnish,18.0,134.0,False,False
2013,11,Belgian Grand Prix,8,Kimi Räikkönen,Finnish,0.0,134.0,False,False
2013,12,Italian Grand Prix,8,Kimi Räikkönen,Finnish,0.0,134.0,False,False
2013,13,Singapore Grand Prix,8,Kimi Räikkönen,Finnish,15.0,149.0,False,False
2013,14,Korean Grand Prix,8,Kimi Räikkönen,Finnish,18.0,167.0,False,False
2013,15,Japanese Grand Prix,8,Kimi Räikkönen,Finnish,10.0,177.0,False,False
2013,16,Indian Grand Prix,8,Kimi Räikkönen,Finnish,6.0,183.0,False,False
2013,17,Abu Dhabi Grand Prix,8,Kimi Räikkönen,Finnish,0.0,183.0,False,False
2014,1,Australian Grand Prix,3,Nico Rosberg,German,25.0,25.0,True,True
2014,2,Malaysian Grand Prix,3,Nico Rosberg,German,18.0,43.0,False,False
2014,3,Bahrain Grand Prix,3,Nico Rosberg,German,18.0,61.0,False,False
2014,4,Chinese Grand Prix,3,Nico Rosberg,German,18.0,79.0,False,False
2014,5,Spanish Grand Prix,3,Nico Rosberg,German,18.0,97.0,False,False
2014,6,Monaco Grand Prix,3,Nico Rosberg,German,25.0,122.0,False,True
2014,7,Canadian Grand Prix,3,Nico Rosberg,German,18.0,140.0,False,False
2014,8,Austrian Grand Prix,3,Nico Rosberg,German,25.0,165.0,False,True
2014,9,British Grand Prix,3,Nico Rosberg,German,0.0,165.0,False,False
2014,10,German Grand Prix,3,Nico Rosberg,German,25.0,190.0,False,True
2014,11,Hungarian Grand Prix,3,Nico Rosberg,German,12.0,202.0,False,False
2014,12,Belgian Grand Prix,3,Nico Rosberg,German,18.0,220.0,False,False
2014,13,Italian Grand Prix,3,Nico Rosberg,German,18.0,238.0,False,False
2014,14,Singapore Grand Prix,3,Nico Rosberg,German,0.0,238.0,False,False
2014,15,Japanese Grand Prix,3,Nico Rosberg,German,18.0,256.0,False,False
2014,16,Russian Grand Prix,3,Nico Rosberg,German,18.0,274.0,False,False
2014,17,United States Grand Prix,3,Nico Rosberg,German,18.0,292.0,False,False
2014,18,Brazilian Grand Prix,3,Nico Rosberg,German,25.0,317.0,False,True
2014,19,Abu Dhabi Grand Prix,3,Nico Rosberg,German,0.0,317.0,False,False
2015,1,Australian Grand Prix,1,Lewis Hamilton,British,25.0,25.0,True,True
2015,2,Malaysian Grand Prix,1,Lewis Hamilton,British,18.0,43.0,False,False
2015,3,Chinese Grand Prix,1,Lewis Hamilton,British,25.0,68.0,False,True
2015,4,Bahrain Grand Prix,1,Lewis Hamilton,British,25.0,93.0,False,True
2015,5,Spanish Grand Prix,1,Lewis Hamilton,British,18.0,111.0,False,False
2015,6,Monaco Grand Prix,1,Lewis Hamilton,British,15.0,126.0,False,False
2015,7,Canadian Grand Prix,1,Lewis Hamilton,British,25.0,151.0,False,True
2015,8,Austrian Grand Prix,1,Lewis Hamilton,British,18.0,169.0,False,False
2015,9,British Grand Prix,1,Lewis Hamilton,British,25.0,194.0,False,True
2015,10,Hungarian Grand Prix,1,Lewis Hamilton,British,8.0,202.0,False,False
2015,11,Belgian Grand Prix,1,Lewis Hamilton,British,25.0,227.0,False,True
2015,12,Italian Grand Prix,1,Lewis Hamilton,British,25.0,252.0,False,True
2015,13,Singapore Grand Prix,1,Lewis Hamilton,British,0.0,252.0,False,False
2015,14,Japanese Grand Prix,1,Lewis Hamilton,British,25.0,277.0,False,True
2015,15,Russian Grand Prix,1,Lewis Hamilton,British,25.0,302.0,False,True
2015,16,United States Grand Prix,1,Lewis Hamilton,British,25.0,327.0,False,True
2015,17,Mexican Grand Prix,1,Lewis Hamilton,British,18.0,345.0,False,False
2015,18,Brazilian Grand Prix,1,Lewis Hamilton,British,18.0,363.0,False,False
2015,19,Abu Dhabi Grand Prix,1,Lewis Hamilton,British,18.0,381.0,False,False
2016,1,Australian Grand Prix,3,Nico Rosberg,German,25.0,25.0,True,True
2016,2,Bahrain Grand Prix,3,Nico Rosberg,German,25.0,50.0,False,True
2016,3,Chinese Grand Prix,3,Nico Rosberg,German,25.0,75.0,False,True
2016,4,Russian Grand Prix,3,Nico Rosberg,German,25.0,100.0,False,True
2016,5,Spanish Grand Prix,3,Nico Rosberg,German,0.0,100.0,False,False
2016,6,Monaco Grand Prix,3,Nico Rosberg,German,6.0,106.0,False,False
2016,7,Canadian Grand Prix,3,Nico Rosberg,German,10.0,116.0,False,False
2016,8,European Grand Prix,3,Nico Rosberg,German,25.0,141.0,False,True
2016,9,Austrian Grand Prix,3,Nico Rosberg,German,12.0,153.0,False,False
2016,10,British Grand Prix,3,Nico Rosberg,German,15.0,168.0,False,False
2016,11,Hungarian Grand Prix,3,Nico Rosberg,German,18.0,186.0,False,False
2016,12,German Grand Prix,3,Nico Rosberg,German,12.0,198.0,False,False
2016,13,Belgian Grand Prix,3,Nico Rosberg,German,25.0,223.0,False,True
2016,14,Italian Grand Prix,3,Nico Rosberg,German,25.0,248.0,False,True
2016,15,Singapore Grand Prix,3,Nico Rosberg,German,25.0,273.0,False,True
2016,16,Malaysian Grand Prix,3,Nico Rosberg,German,15.0,288.0,False,False
2016,17,Japanese Grand Prix,3,Nico Rosberg,German,25.0,313.0,False,True
2016,18,United States Grand Prix,3,Nico Rosberg,German,18.0,331.0,False,False
2016,19,Mexican Grand Prix,3,Nico Rosberg,German,18.0,349.0,False,False
2016,20,Brazilian Grand Prix,3,Nico Rosberg,German,18.0,367.0,False,False
2016,21,Abu Dhabi Grand Prix,3,Nico Rosberg,German,18.0,385.0,False,False
2017,1,Australian Grand Prix,20,Sebastian Vettel,German,25.0,25.0,True,True
2017,2,Chinese Grand Prix,20,Sebastian Vettel,German,18.0,43.0,False,False
2017,3,Bahrain Grand Prix,20,Sebastian Vettel,German,25.0,68.0,False,True
2017,4,Russian Grand Prix,20,Sebastian Vettel,German,18.0,86.0,False,False
2017,5,Spanish Grand Prix,20,Sebastian Vettel,German,18.0,104.0,False,False
2017,6,Monaco Grand Prix,20,Sebastian Vettel,German,25.0,129.0,False,True
2017,7,Canadian Grand Prix,20,Sebastian Vettel,German,12.0,141.0,False,False
2017,8,Azerbaijan Grand Prix,20,Sebastian Vettel,German,12.0,153.0,False,False
2017,9,Austrian Grand Prix,20,Sebastian Vettel,German,18.0,171.0,False,False
2017,10,British Grand Prix,20,Sebastian Vettel,German,6.0,177.0,False,False
2017,11,Hungarian Grand Prix,20,Sebastian Vettel,German,25.0,202.0,False,True
2017,12,Belgian Grand Prix,20,Sebastian Vettel,German,18.0,220.0,False,False
2017,13,Italian Grand Prix,20,Sebastian Vettel,German,15.0,235.0,False,False
2017,14,Singapore Grand Prix,20,Sebastian Vettel,German,0.0,235.0,False,False
2017,15,Malaysian Grand Prix,20,Sebastian Vettel,German,12.0,247.0,False,False
2017,16,Japanese Grand Prix,20,Sebastian Vettel,German,0.0,247.0,False,False
2017,17,United States Grand Prix,20,Sebastian Vettel,German,18.0,265.0,False,False
2017,18,Mexican Grand Prix,20,Sebastian Vettel,German,12.0,277.0,False,False
2017,19,Brazilian Grand Prix,20,Sebastian Vettel,German,25.0,302.0,False,True
2017,20,Abu Dhabi Grand Prix,20,Sebastian Vettel,German,15.0,317.0,False,False
2018,1,Australian Grand Prix,20,Sebastian Vettel,German,25.0,25.0,True,True
2018,2,Bahrain Grand Prix,20,Sebastian Vettel,German,25.0,50.0,False,True
2018,3,Chinese Grand Prix,20,Sebastian Vettel,German,4.0,54.0,False,False
2018,4,Azerbaijan Grand Prix,20,Sebastian Vettel,German,12.0,66.0,False,False
2018,5,Spanish Grand Prix,20,Sebastian Vettel,German,12.0,78.0,False,False
2018,6,Monaco Grand Prix,20,Sebastian Vettel,German,18.0,96.0,False,False
2018,7,Canadian Grand Prix,20,Sebastian Vettel,German,25.0,121.0,False,True
2018,8,French Grand Prix,20,Sebastian Vettel,German,10.0,131.0,False,False
2018,9,Austrian Grand Prix,20,Sebastian Vettel,German,15.0,146.0,False,False
2018,10,British Grand Prix,20,Sebastian Vettel,German,25.0,171.0,False,True
2018,11,German Grand Prix,20,Sebastian Vettel,German,0.0,171.0,False,False
2018,12,Hungarian Grand Prix,20,Sebastian Vettel,German,18.0,189.0,False,False
2018,13,Belgian Grand Prix,20,Sebastian Vettel,German,25.0,214.0,False,True
2018,14,Italian Grand Prix,20,Sebastian Vettel,German,12.0,226.0,False,False
2018,15,Singapore Grand Prix,20,Sebastian Vettel,German,15.0,241.0,False,False
2018,16,Russian Grand Prix,20,Sebastian Vettel,German,15.0,256.0,False,False
2018,17,Japanese Grand Prix,20,Sebastian Vettel,German,8.0,264.0,False,False
2018,18,United States Grand Prix,20,Sebastian Vettel,German,12.0,276.0,False,False
2018,19,Mexican Grand Prix,20,Sebastian Vettel,German,18.0,294.0,False,False
2018,20,Brazilian Grand Prix,20,Sebastian Vettel,German,8.0,302.0,False,False
2018,21,Abu Dhabi Grand Prix,20,Sebastian Vettel,German,18.0,320.0,False,False
2019,1,Australian Grand Prix,822,Valtteri Bottas,Finnish,26.0,26.0,True,True
2019,2,Bahrain Grand Prix,822,Valtteri Bottas,Finnish,18.0,44.0,False,False
2019,3,Chinese Grand Prix,822,Valtteri Bottas,Finnish,18.0,62.0,False,False
2019,4,Azerbaijan Grand Prix,822,Valtteri Bottas,Finnish,25.0,87.0,False,True
2019,5,Spanish Grand Prix,822,Valtteri Bottas,Finnish,18.0,105.0,False,False
2019,6,Monaco Grand Prix,822,Valtteri Bottas,Finnish,15.0,120.0,False,False
2019,7,Canadian Grand Prix,822,Valtteri Bottas,Finnish,13.0,133.0,False,False
2019,8,French Grand Prix,822,Valtteri Bottas,Finnish,18.0,151.0,False,False
2019,9,Austrian Grand Prix,822,Valtteri Bottas,Finnish,15.0,166.0,False,False
2019,10,British Grand Prix,822,Valtteri Bottas,Finnish,18.0,184.0,False,False
2019,11,German Grand Prix,822,Valtteri Bottas,Finnish,0.0,184.0,False,False
2019,12,Hungarian Grand Prix,822,Valtteri Bottas,Finnish,4.0,188.0,False,False
2019,13,Belgian Grand Prix,822,Valtteri Bottas,Finnish,15.0,203.0,False,False
2019,14,Italian Grand Prix,822,Valtteri Bottas,Finnish,18.0,221.0,False,False
2019,15,Singapore Grand Prix,822,Valtteri Bottas,Finnish,10.0,231.0,False,False
2019,16,Russian Grand Prix,822,Valtteri Bottas,Finnish,18.0,249.0,False,False
2019,17,Japanese Grand Prix,822,Valtteri Bottas,Finnish,25.0,274.0,False,True
2019,18,Mexican Grand Prix,822,Valtteri Bottas,Finnish,15.0,289.0,False,False
2019,19,United States Grand Prix,822,Valtteri Bottas,Finnish,25.0,314.0,False,True
2019,20,Brazilian Grand Prix,822,Valtteri Bottas,Finnish,0.0,314.0,False,False
2019,21,Abu Dhabi Grand Prix,822,Valtteri Bottas,Finnish,12.0,326.0,False,False
2022,1,Bahrain Grand Prix,844,Charles Leclerc,Monegasque,26.0,26.0,False,True
2022,2,Saudi Arabian Grand Prix,844,Charles Leclerc,Monegasque,19.0,45.0,False,False
2022,3,Australian Grand Prix,844,Charles Leclerc,Monegasque,26.0,71.0,True,True
2022,4,Emilia Romagna Grand Prix,844,Charles Leclerc,Monegasque,8.0,79.0,False,False
2022,5,Miami Grand Prix,844,Charles Leclerc,Monegasque,18.0,97.0,False,False
2022,6,Spanish Grand Prix,844,Charles Leclerc,Monegasque,0.0,97.0,False,False
2022,7,Monaco Grand Prix,844,Charles Leclerc,Monegasque,12.0,109.0,False,False
2022,8,Azerbaijan Grand Prix,844,Charles Leclerc,Monegasque,0.0,109.0,False,False
2022,9,Canadian Grand Prix,844,Charles Leclerc,Monegasque,10.0,119.0,False,False
2022,10,British Grand Prix,844,Charles Leclerc,Monegasque,12.0,131.0,False,False
2022,11,Austrian Grand Prix,844,Charles Leclerc,Monegasque,25.0,156.0,False,True
2022,12,French Grand Prix,844,Charles Leclerc,Monegasque,0.0,156.0,False,False
2022,13,Hungarian Grand Prix,844,Charles Leclerc,Monegasque,8.0,164.0,False,False
2022,14,Belgian Grand Prix,844,Charles Leclerc,Monegasque,8.0,172.0,False,False
2022,15,Dutch Grand Prix,844,Charles Leclerc,Monegasque,15.0,187.0,False,False
2022,16,Italian Grand Prix,844,Charles Leclerc,Monegasque,18.0,205.0,False,False
2022,17,Singapore Grand Prix,844,Charles Leclerc,Monegasque,18.0,223.0,False,False
2022,18,Japanese Grand Prix,844,Charles Leclerc,Monegasque,15.0,238.0,False,False
2022,19,United States Grand Prix,844,Charles Leclerc,Monegasque,15.0,253.0,False,False
2022,20,Mexico City Grand Prix,844,Charles Leclerc,Monegasque,8.0,261.0,False,False
2022,21,São Paulo Grand Prix,844,Charles Leclerc,Monegasque,12.0,273.0,False,False
2022,22,Abu Dhabi Grand Prix,844,Charles Leclerc,Monegasque,18.0,291.0,False,False
2023,1,Bahrain Grand Prix,830,Max Verstappen,Dutch,25.0,25.0,False,True
2023,2,Saudi Arabian Grand Prix,830,Max Verstappen,Dutch,19.0,44.0,False,False
2023,3,Australian Grand Prix,830,Max Verstappen,Dutch,25.0,69.0,True,True
2023,4,Azerbaijan Grand Prix,830,Max Verstappen,Dutch,18.0,87.0,False,False
2023,5,Miami Grand Prix,830,Max Verstappen,Dutch,26.0,113.0,False,True
2023,6,Monaco Grand Prix,830,Max Verstappen,Dutch,25.0,138.0,False,True
2023,7,Spanish Grand Prix,830,Max Verstappen,Dutch,26.0,164.0,False,True
2023,8,Canadian Grand Prix,830,Max Verstappen,Dutch,25.0,189.0,False,True
2023,9,Austrian Grand Prix,830,Max Verstappen,Dutch,26.0,215.0,False,True
2023,10,British Grand Prix,830,Max Verstappen,Dutch,26.0,241.0,False,True
2023,11,Hungarian Grand Prix,830,Max Verstappen,Dutch,26.0,267.0,False,True
2023,12,Belgian Grand Prix,830,Max Verstappen,Dutch,25.0,292.0,False,True
2023,13,Dutch Grand Prix,830,Max Verstappen,Dutch,25.0,317.0,False,True
2023,14,Italian Grand Prix,830,Max Verstappen,Dutch,25.0,342.0,False,True
2023,15,Singapore Grand Prix,830,Max Verstappen,Dutch,10.0,352.0,False,False
2023,16,Japanese Grand Prix,830,Max Verstappen,Dutch,26.0,378.0,False,True
2023,17,Qatar Grand Prix,830,Max Verstappen,Dutch,26.0,404.0,False,True
2023,18,United States Grand Prix,830,Max Verstappen,Dutch,25.0,429.0,False,True
2023,19,Mexico City Grand Prix,830,Max Verstappen,Dutch,25.0,454.0,False,True
2023,20,São Paulo Grand Prix,830,Max Verstappen,Dutch,25.0,479.0,False,True
2023,21,Las Vegas Grand Prix,830,Max Verstappen,Dutch,25.0,504.0,False,True
2023,22,Abu Dhabi Grand Prix,830,Max Verstappen,Dutch,26.0,530.0,False,True
2024,1,Bahrain Grand Prix,832,Carlos Sainz,Spanish,15.0,15.0,False,False
2024,3,Australian Grand Prix,832,Carlos Sainz,Spanish,25.0,40.0,True,True
2024,4,Japanese Grand Prix,832,Carlos Sainz,Spanish,15.0,55.0,False,False
2024,5,Chinese Grand Prix,832,Carlos Sainz,Spanish,10.0,65.0,False,False
2024,6,Miami Grand Prix,832,Carlos Sainz,Spanish,10.0,75.0,False,False
2024,7,Emilia Romagna Grand Prix,832,Carlos Sainz,Spanish,10.0,85.0,False,False
2024,8,Monaco Grand Prix,832,Carlos Sainz,Spanish,15.0,100.0,False,False
2024,9,Canadian Grand Prix,832,Carlos Sainz,Spanish,0.0,100.0,False,False
2024,10,Spanish Grand Prix,832,Carlos Sainz,Spanish,8.0,108.0,False,False
2024,11,Austrian Grand Prix,832,Carlos Sainz,Spanish,15.0,123.0,False,False
2024,12,British Grand Prix,832,Carlos Sainz,Spanish,11.0,134.0,False,False
2024,13,Hungarian Grand Prix,832,Carlos Sainz,Spanish,8.0,142.0,False,False
2024,14,Belgian Grand Prix,832,Carlos Sainz,Spanish,8.0,150.0,False,False
2024,15,Dutch Grand Prix,832,Carlos Sainz,Spanish,10.0,160.0,False,False
2024,16,Italian Grand Prix,832,Carlos Sainz,Spanish,12.0,172.0,False,False
2024,17,Azerbaijan Grand Prix,832,Carlos Sainz,Spanish,0.0,172.0,False,False
2024,18,Singapore Grand Prix,832,Carlos Sainz,Spanish,6.0,178.0,False,False
2024,19,United States Grand Prix,832,Carlos Sainz,Spanish,18.0,196.0,False,False
2024,20,Mexico City Grand Prix,832,Carlos Sainz,Spanish,25.0,221.0,False,True
2024,21,São Paulo Grand Prix,832,Carlos Sainz,Spanish,0.0,221.0,False,False
2024,22,Las Vegas Grand Prix,832,Carlos Sainz,Spanish,15.0,236.0,False,False
2024,23,Qatar Grand Prix,832,Carlos Sainz,Spanish,8.0,244.0,False,False
2024,24,Abu Dhabi Grand Prix,832,Carlos Sainz,Spanish,18.0,262.0,False,False
